post_id,title,subreddit,score,num_comments,author,collected_at
47618189,Tailscale's new macOS home,technology,331,172,tosh,2026-04-03 07:45:24
47617415,Good ideas do not need lots of lies in order to gain public acceptance (2008),technology,160,75,sedev,2026-04-03 07:45:29
47621792,Post Mortem: axios NPM supply chain compromise,technology,19,7,Kyro38,2026-04-03 07:45:30
47612724,Lemonade by AMD: a fast and open source local LLM server using GPU and NPU,technology,448,97,AbuAssar,2026-04-03 07:45:31
47620933,Memo: A language that remembers only the last 12 lines of code,technology,23,5,notem,2026-04-03 07:45:34
47617376,OpenAI Acquires TBPN,technology,154,129,surprisetalk,2026-04-03 07:45:39
47611921,Significant raise of reports,technology,283,148,stratos123,2026-04-03 07:45:42
47615490,Artemis computer running two instances of MS outlook; they can't figure out why,technology,328,237,mooreds,2026-04-03 07:45:45
47615876,The case for zero-error horizons in trustworthy LLMs,technology,68,96,daigoba66,2026-04-03 07:46:03
47596739,Mercor says it was hit by cyberattack tied to compromise LiteLLM,technology,136,43,jackson-mcd,2026-04-03 07:46:06
47620381,AWS has officially removed all EC2 instances in Bahrain from their docs,technology,36,0,mirzap,2026-04-03 07:46:13
47619322,A $20/month user costs OpenAI $65 in compute. AI video is a money furnace,technology,54,34,Aedelon,2026-04-03 07:46:17
47612558,Enabling Codex to Analyze Two Decades of Hacker News Data,technology,72,27,ronfriedhaber,2026-04-03 07:46:18
47617217,Show HN: I tested 15 free AI models at building real software on a $25/year VPS,technology,11,3,j0rg3,2026-04-03 07:46:21
47609694,Email obfuscation: What works in 2026?,technology,339,95,jaden,2026-04-03 07:46:22
47620155,Marc Andreessen Is Right That AI Isn't Killing Jobs. Interest Rate Hikes Are,technology,19,5,bigbobbeeper,2026-04-03 07:46:24
47557385,The revenge of the data scientist,technology,169,36,hamelsmu,2026-04-03 07:46:32
47620426,Amazon data center in Bahrain attacked by Iranian Revolutionary Guards,technology,17,1,topherPedersen,2026-04-03 07:46:35
47610245,Things I Think I Think... Preferring Local OSS LLMs,technology,40,9,zdw,2026-04-03 07:46:41
47617463,Users say Adobe Creative Cloud rewrote hosts file to detect installed app,technology,44,5,bobsoap,2026-04-03 07:46:42
47588103,"On the trail of ancient art, deep in the Sahara",technology,25,3,bookofjoe,2026-04-03 07:46:43
47618322,Mistral secures $830M in debt financing to fund AI data center,technology,29,2,gmays,2026-04-03 07:46:49
47571183,Show HN: CLI to order groceries via reverse-engineered REWE API (Haskell),technology,197,80,wazHFsRy,2026-04-03 07:46:56
47615002,Qwen3.6-Plus: Towards real world agents,worldnews,432,150,pretext,2026-04-03 07:47:05
47615756,Renewables reached nearly 50% of global electricity capacity last year,worldnews,246,120,Growtika,2026-04-03 07:47:31
47618221,The Australian government has announced gambling advertising reforms,worldnews,99,77,gostsamo,2026-04-03 07:47:44
47541746,Show HN: Forkrun – NUMA-aware shell parallelizer (50×–400× faster than parallel),worldnews,149,41,jkool702,2026-04-03 07:49:21
47577761,Fedware: Government apps that spy harder than the apps they ban,worldnews,680,278,speckx,2026-04-03 07:49:40
47601310,"Iran war sparks renewables boom as Europeans rush to buy solar, heat pumps, EVs",worldnews,85,116,vrganj,2026-04-03 07:51:04
47578572,Turning a MacBook into a touchscreen with $1 of hardware (2018),worldnews,406,230,HughParry,2026-04-03 07:51:07
47612035,UK Government unveils rules to end subscription traps,worldnews,22,6,_____k,2026-04-03 07:51:09
47557299,Hardware Image Compression,worldnews,72,15,luu,2026-04-03 07:52:11
47610604,Qwen3.6-Plus: Towards Real World Agents,worldnews,20,4,meetpateltech,2026-04-03 07:53:15
47540833,Hold on to Your Hardware,worldnews,661,533,LucidLynx,2026-04-03 07:53:35
47609564,Steam on Linux Use Skyrocketed Above 5% in March,sports,719,332,hkmaxpro,2026-04-03 07:56:52
47620867,Proton Workspace: An encrypted suite for team collaboration,sports,15,1,teekert,2026-04-03 07:57:10
47613536,Show HN: I ran 28 OpenClaw instances as a team for 2 months,sports,12,6,TJ_FLEET,2026-04-03 07:57:54
47562342,Digitizing photos from the 1998 Game Boy Camera,sports,68,15,rockbruno,2026-04-03 07:59:23
47575403,CodingFont: A game to help you pick a coding font,sports,491,236,nvahalik,2026-04-03 08:00:37
47556033,rpg.actor Game Jam,sports,80,6,Kye,2026-04-03 08:03:07
47604155,SpaceX files to go public,science,384,557,nutjob2,2026-04-03 08:04:42
47607394,SolveSpace (open source 2D/3D CAD) working on Windows 2000 (2025),science,38,6,ruevs,2026-04-03 08:05:15
47572878,How-to guide: Commissioning a Sensor Physics R&D Lab,science,41,4,MagneLauritzen,2026-04-03 08:05:45
47588349,GitHub Monaspace Case Study,science,146,49,homebrewer,2026-04-03 08:06:01
47578086,Vulnerability research is cooked,science,254,168,pedro84,2026-04-03 08:06:05
47586614,Open source CAD in the browser (Solvespace),science,369,125,phkahler,2026-04-03 08:06:13
47609725,Show HN: NASA Artemis II Mission Timeline Tracker,science,90,16,AustinDev,2026-04-03 08:06:28
47609883,"Salomi, a research repo on extreme low-bit transformer quantization",science,12,4,Edward9055,2026-04-03 08:06:36
47548164,"Researchers find 3,500-year-old loom that reveals textile revolution",science,132,20,geox,2026-04-03 08:07:01
47585860,"In Expanding de Sitter Space, Quantum Mechanics Gets More Elusive",science,32,2,pseudolus,2026-04-03 08:08:30
47546911,Capability-Based Security for Redox: Namespace and CWD as Capabilities,science,65,9,ejplatzer,2026-04-03 08:10:44
47605132,"SpaceX files for IPO, targets $1.75T valuation",science,11,2,AndrewDucker,2026-04-03 08:10:53
47621438,Show HN: Made a little Artemis II tracker,entertainment,40,14,codingmoh,2026-04-03 08:11:13
47612601,"Sweden goes back to basics, swapping screens for books in the classroom",entertainment,750,384,novaRom,2026-04-03 08:11:25
47615844,Show HN: A P2P messenger with dual network modes (Fast and Tor),entertainment,28,16,Realman78,2026-04-03 08:11:30
47618247,Show HN: SyNumpy – a Header only C++17 library for working with NumPy Arrays,entertainment,13,1,symisc_devel,2026-04-03 08:11:46
47612321,Show HN: I built a DNS resolver from scratch in Rust – no DNS libraries,entertainment,89,52,rdme,2026-04-03 08:11:50
47606560,"Show HN: Dull – Instagram Without Reels, YouTube Without Shorts (iOS)",entertainment,138,110,kasparnoor,2026-04-03 08:11:57
47612277,Almighty Lisp: Lisp and Emacs Essentials Book,entertainment,55,3,nemoniac,2026-04-03 08:12:00
47557921,Show HN: Git bayesect – Bayesian Git bisection for non-deterministic bugs,entertainment,327,43,hauntsaninja,2026-04-03 08:12:31
47613156,ReactOS Shows Improved Stability and 64-Bit Support at Chemnitz Linux Days 2026,entertainment,67,23,jeditobe,2026-04-03 08:12:49
47574871,"Show HN: Zerobox – Sandbox any command with file, network, credential controls",entertainment,136,90,afshinmeh,2026-04-03 08:12:52
47589856,Show HN: Postgres extension for BM25 relevance-ranked full-text search,entertainment,197,57,tjgreen,2026-04-03 08:13:05
47616475,Haunting Photos Show the Aftermath of the Kursk Submarine Disaster in 2000,entertainment,27,0,mooreds,2026-04-03 08:13:06
47603966,Show HN: Flight-Viz – 10K flights on a 3D globe in 3.5MB of Rust+WASM,entertainment,81,44,coolwulf,2026-04-03 08:13:25
47609372,"Show HN: Semantic atlas of 188 constitutions in 3D (30k articles, embeddings)",entertainment,10,3,joaoli131,2026-04-03 08:14:19
47566143,My MacBook keyboard is broken and it's insanely expensive to fix,entertainment,381,535,TobiasBerg,2026-04-03 08:14:31
47555035,"Show HN: Loreline, narrative language transpiled via Haxe: C++/C#/JS/Java/Py/Lua",entertainment,73,21,jeremyfa,2026-04-03 08:14:49
47588324,Show HN: Sundial – a new way to look at a weather forecast,entertainment,60,25,izaidi,2026-04-03 08:15:18
47603534,A new way to measure poverty shows the US falling behind Europe,entertainment,97,82,_DeadFred_,2026-04-03 08:15:58
47558094,Show HN: QuickBEAM – run JavaScript as supervised Erlang/OTP processes,entertainment,110,16,dannote,2026-04-03 08:16:37
47567049,Show HN: Crazierl – An Erlang Operating System,entertainment,72,14,toast0,2026-04-03 08:17:22
47563103,"Show HN: BreezePDF – Free, in-browser PDF editor",entertainment,96,46,philjohnson,2026-04-03 08:17:45
47565831,"Show HN: I made a ""programming language"" looking for feedback",entertainment,38,39,alonsovm,2026-04-03 08:18:11
47616361,Google releases Gemma 4 open models,other,1192,358,jeffmcjunkin,2026-04-03 08:18:14
47616242,Decisions that eroded trust in Azure – by a former Azure Core engineer,other,351,123,axelriet,2026-04-03 08:18:15
47609356,Artemis II's toilet is a moon mission milestone,other,147,61,1659447091,2026-04-03 08:18:17
47618084,Cursor 3,other,300,257,adamfeldman,2026-04-03 08:18:18
47598413,C89cc.sh – standalone C89/ELF64 compiler in pure portable shell,other,36,7,gaigalas,2026-04-03 08:18:19
47618176,George Goble has died,other,115,21,finaard,2026-04-03 08:18:23
47613981,LinkedIn is searching your browser extensions,other,1574,685,digitalWestie,2026-04-03 08:18:24
47621448,A Few Good Magazines From the 70s and 80s,other,27,6,OhMeadhbh,2026-04-03 08:18:28
47562762,Significant progress made on Xbox 360 recompilation,other,70,15,tetrisgm,2026-04-03 08:18:30
47572288,JSON Canvas Spec (2024),other,84,28,tobr,2026-04-03 08:18:31
47592614,Prefer do notation over Applicative operators when assembling records (2024),other,24,4,wazHFsRy,2026-04-03 08:18:33
47613078,Inside Nepal's Fake Rescue Racket,other,255,114,lode,2026-04-03 08:18:34
47575557,Magic the Gathering Deck Shuffler,other,43,14,mooreds,2026-04-03 08:18:35
47608602,The beginning of programming as we'll know it?,other,26,16,zdw,2026-04-03 08:18:37
47574600,"Queueing Requests Queues Your Capacity Problems, Too",other,17,7,mhawthorne,2026-04-03 08:18:38
47614100,'Backrooms' and the Rise of the Institutional Gothic,other,176,86,anarbadalov,2026-04-03 08:18:39
47593861,Maze Algorithms (1997),other,15,4,marukodo,2026-04-03 08:18:41
47574851,Foxing aspires to be an eBPF-powered replication engine for Linux filesystems,other,37,4,tanelpoder,2026-04-03 08:18:42
47615449,Artemis II will use laser beams to live-stream 4K moon footage at 260 Mbps,other,326,145,speckx,2026-04-03 08:18:43
47618120,Hugo's New CSS Powers,other,40,8,speckx,2026-04-03 08:18:44
47618581,Amazon is adding a fuel surcharge to fees it collects from third-party sellers,other,139,81,lehi,2026-04-03 08:18:47
47615434,Delve allegedly forked an open-source tool and sold it as its own,other,270,138,nickvec,2026-04-03 08:18:48
47611481,Bringing Clojure programming to Enterprise (2021),other,183,102,smartmic,2026-04-03 08:18:49
47618100,Yggdrasil Network,other,97,46,Velocifyer,2026-04-03 08:18:49
47582987,Gone (Almost) Phishin',other,168,76,luu,2026-04-03 08:18:50
47540441,Reinventing the pull request,other,93,66,bkolobara,2026-04-03 08:18:51
47621048,Why Doesn't Anybody Realize We're Going Back to the Moon?,other,38,80,paulpauper,2026-04-03 08:18:53
47547938,Quadratic Micropass Type Inference,other,30,6,simvux,2026-04-03 08:18:54
47603657,Artemis II Launch Day Updates,other,1074,932,apitman,2026-04-03 08:18:56
47616704,Modern SQLite: Features You Didn't Know It Had,other,184,57,thunderbong,2026-04-03 08:18:57
47575554,"An Example of Statistical Investigation of the Text Eugene Onegin – Markov, 1913 [pdf]",other,32,3,jxmorris12,2026-04-03 08:18:58
47611721,IBM Announces Strategic Collaboration with Arm,other,262,171,bonzini,2026-04-03 08:19:02
47563486,Emacs-libgterm: Terminal emulator for Emacs using libghostty-vt,other,79,28,signa11,2026-04-03 08:19:03
47609882,Subscription bombing and how to mitigate it,other,282,176,homelessdino,2026-04-03 08:19:06
47619879,U.S. Is Burning Through Tomahawk Cruise Missile Stockpile at an Alarming Rate,other,44,33,uticus,2026-04-03 08:19:07
47579942,Built a cheap DIY fan controller because my motherboard never had working PWM,other,67,35,bobsterlobster,2026-04-03 08:19:08
47613447,CC leak: skills are better than I thought,other,36,12,KaseKun,2026-04-03 08:19:12
47610777,Quad9 Enables DNS over HTTP/3 and DNS over QUIC,other,53,11,itchingsphynx,2026-04-03 08:19:14
47578582,What Gödel Discovered (2020),other,94,30,qnleigh,2026-04-03 08:19:16
47602832,EmDash – A spiritual successor to WordPress that solves plugin security,other,662,486,elithrar,2026-04-03 08:19:17
